word,translation
"jerusalem","yerusalem"
"pilate","pilatus"
"simon","simon"
"father","sama"
"peter","petrus"
"barnabas","barnabas"
"thomas","tomas"
"paul","paulus"
"john","pembaptis"
"galilee","galilea"
"nazareth","nazaret"
"james","yakobus"
"judea","yudea"
"melchi","malkhi"
"son","salmon"
"israel","oi"
"philip","filipus"
"herod","herodes"
"saul","saulus"
"matthat","matat"
"fire","opui"
"christ","janyi"
"moses","nulis"
"five","limoh"
"apostles","rasul"
"judas","yudas"
"disciples","pinuna"
"iscariot","iskariot"
"years","sowa"
"light","kilin"
"lazarus","lazarus"
"three","taluh"
"antioch","antiokhia"
"joseph","yusuf"
"zacharias","kue"
"andrew","andreas"
"abraham","abraham"
"silas","silas"
"cainan","kenan"
"caesarea","kaisarea"
"world","dunia"
"mother","pingoma"
"my","ku"
"tomb","gua"
"timothy","timotius"
"festus","festus"
"head","bak"
"ephesus","efesus"
"cana","kana"
"pharisees","farisi"
"blood","noman"
"blind","buta"
"magdalene","magdalena"
"good","paguh"
"macedonia","makedonia"
"if","nyam"
"house","boli"
"city","kota"
"bread","man"
"ship","kapal"
"baptized","obuah"
"sabbath","simayang"
"angel","malaikat"
"wife","kawin"
"mary","maria"
"night","singonu"
"water","pi"
"sins","dosa"
"servant","kiloja"
"ointment","wangi"
"sheep","domba"
"judah","sudi"
"stone","nyokad"
"we","to"
"soldiers","sidadu"
"hands","bak"
"your","leh"
"woman","dayung"
"thessalonica","tesalonika"
"heard","ngojit"
"door","buka"
"four","pat"
"love","ngibala"
"prophets","nabi"
"ananias","ananias"
"wind","sobak"
"seven","mingu"
"honor","pimodo"
"two","duwoh"
"rich","sidagal"
"sick","monam"
"david","daud"
"fish","ikian"
"word","gah"
"feet","on"
"our","ko"
"spirit","munua"
"agrippa","agripa"
"asia","asia"
"may","dapod"
"wisdom","bijak"
"poor","sotok"
"one","ogi"
"answered","sina"
"wilderness","pasil"
"birds","solin"
"clothing","pimakai"
"law","ukum"
"damascus","damsyik"
"eat","pinguman"
"prison","jel"
"afraid","tolu"
"boat","olud"
"angels","malaikat"
"sent","odi"
"many","bogo"
"this","daang"
"name","kuasa"
"isaac","ishak"
"martha","marta"
"don","u"
"no","alua"
"now","takal"
"prophet","nabi"
"mattathias","matica"
"matthew","matius"
"samaria","samaria"
"saw","kilin"
"felix","lisias"
"darkness","mopung"
"adam","adam"
"fathers","babai"
"elizabeth","elisabet"
"asked","neh"
"demons","munua"
"kingdom","laja"
"elijah","elia"
"drink","sonang"
"power","kuasa"
"friends","dingan"
"know","piluh"
"vineyard","kobon"
"some","ogi"
"not","ma"
"six","nuam"
"worship","nyomah"
"sidon","tirus"
"synagogue","simayang"
"forty","pat"
"again","sidoh"
"also","samah"
"brought","toban"
"things","tanon"
"believe","bisaya"
"release","mosut"
"dead","pali"
"faith","bisaya"
"thief","pinoku"
"outside","polong"
"stood","tang"
"out","yohmo"
"twelve","simoong"
"sinners","bidosa"
"cross","salip"
"suddenly","tang"
"receive","nyamut"
"tax","pinagih"
"tree","salip"
"saved","nyilamat"
"heaven","sulga"
"called","biladon"
"lystra","derbe"
"cornelius","kornelius"
"money","yudas"
"thanks","bisukul"
"capernaum","kapernaum"
"thessalonians","tesalonika"
"because","ngan"
"baptizer","pembaptis"
"than","penting"
"understand","ngiloti"
"only","jok"
"governor","gubenul"
"must","halus"
"where","kaki"
"generation","joman"
"levi","lewi"
"dipped","suad"
"immediately","lasu"
"sail","bilakat"
"parents","sino"
"news","magah"
"do","u"
"day","pagi"
"dragged","matak"
"jacob","yakub"
"into","ke"
"servants","kuli"
"teaching","ngajal"
"zealot","bebas"
"on","daang"
"multitude","siuah"
"give","ngin"
"annas","hanas"
"heart","kila"
"villages","kupua"
"women","dayung"
"kill","kaga"
"caiaphas","kayafas"
"pontus","pontus"
"ground","tana"
"entered","simayang"
"hand","sinok"
"brothers","sudi"
"sword","podang"
"together","duwoh"
"savior","pinyilamat"
"fell","simadi"
"sky","longit"
"see","bitapod"
"mountain","dolod"
"us","oto"
"hear","ngojit"
"syria","siria"
"as","daang"
"fruit","bua"
"bartholomew","bartolomeus"
"parable","silita"
"tell","osi"
"king","laja"
"egypt","mesir"
"temple","limang"
"sin","bidosa"
"me","iyoh"
"demas","demas"
"sign","tanda"
"brother","madih"
"mouth","isi"
"year","sowa"
"sailed","siria"
"lot","duman"
"quickly","likas"
"scriptures","kitab"
"t","dop"
"come","ja"
"young","muda"
"elders","pimipin"
"letter","sulat"
"here","kati"
"teacher","gulu"
"promise","janyi"
"worthy","bitotok"
"believed","bisaya"
"fig","ara"
"way","negeh"
"wash","mamia"
"need","sotok"
"hundred","kulang"
"vain","guna"
"fled","bikoduh"
"signs","kuasa"
"ran","bikoduh"
"third","taluh"
"tolerable","jangan"
"woe","binasaleh"
"greet","salam"
"cast","muat"
"given","ngin"
"jews","yahudi"
"scripture","ayat"
"old","nyoma"
"seek","kaga"
"man","ogi"
"days","kudu"
"nathanael","natanael"
"pharisee","farisi"
"idols","tipadua"
"joy","sonang"
"skull","tikuluak"
"fear","tolu"
"middle","pa"
"aquila","akwila"
"commanding","sidadu"
"peace","sonang"
"midnight","tuluap"
"first","sibungas"
"months","bulan"
"barracks","pos"
"born","mila"
"place","topat"
"named","adon"
"save","silamat"
"food","man"
"praying","bidoa"
"truth","tentang"
"isaiah","yesaya"
"went","pinuna"
"guard","jaga"
"new","uh"
"barabbas","barabas"
"land","negeli"
"always","mala"
"standing","annya"
"more","tiya"
"loved","ngibala"
"thousand","libu"
"teach","ngajal"
"buy","milih"
"killed","ngabos"
"washed","mamia"
"passover","paskah"
"magistrates","piayuh"
"pray","bidoa"
"eyes","ninga"
"against","salah"
"samaritans","samaria"
"sodom","sodom"
"ashamed","dasa"
"revealed","bitanga"
"pure","bisig"
"taught","bilajal"
"baptize","baptis"
"alexander","aleksander"
"gabriel","gabriel"
"eternal","nah"
"took","ngija"
"next","pagi"
"remember","nyamung"
"eunuch","etiopia"
"suffer","jola"
"or","keh"
"say","tih"
"mark","moyap"
"winter","musim"
"council","ede"
"life","asong"
"rejoice","doon"
"cyprus","siprus"
"marveled","ilan"
"bought","milih"
"village","nosa"
"read","basa"
"body","gonan"
"stayed","lo"
"commandment","sibaya"
"gather","nguluk"
"high","ayuh"
"wait","pokat"
"children","opot"
"delivered","siwat"
"alone","tanah"
"joppa","yope"
"lost","moyap"
"collector","suke"
"weeping","si"
"garments","pasang"
"work","nai"
"betray","jua"
"sea","gilumang"
"rome","roma"
"ready","sidia"
"baptizing","baptis"
"evil","munua"
"caesar","kaisar"
"island","malta"
"widows","jana"
"certainly","bonal"
"fast","asal"
"opened","ponai"
"gave","ngin"
"grass","duh"
"bernice","bernike"
"like","mun"
"there","o"
"she","janda"
"sat","man"
"priests","pimipin"
"cloak","moli"
"book","kitab"
"nations","basa"
"after","nuna"
"samaritan","samaria"
"boats","olud"
"wine","tuak"
"jordan","yordan"
"marketplace","duohulang"
"linen","molut"
"long","tian"
"whoever","osi"
"stones","nyokad"
"ate","man"
"written","kitab"
"ask","sikian"
"chosen","pilih"
"crucify","nyalip"
"men","na"
"aeneas","eneas"
"husband","tongon"
"purple","walna"
"sold","asang"
"hebrew","ibrani"
"mercy","pilasi"
"divorces","posan"
"hated","ui"
"blessed","manah"
"had","yoh"
"times","joman"
"seize","takap"
"salvation","pinyilamat"
"iconium","ikonium"
"country","pulow"
"simeon","simon"
"touched","toma"
"hate","ui"
"about","silita"
"zebedee","duwoh"
"tempted","mujok"
"crucified","salip"
"following","dug"
"offspring","sukun"
"near","juua"
"cloth","kain"
"can","simo"
"hungry","pilai"
"death","kobos"
"didymus","didimus"
"assembly","uluk"
"weep","ien"
"buried","ngubul"
"doors","tiban"
"another","si"
"strife","i"
"chose","pilih"
"go","pilopas"
"mind","pikil"
"foolish","budua"
"sleep","ngooh"
"both","yahudi"
"prayed","ebidoa"
"unclean","bikalui"
"officer","komandansidadu"
"works","nai"
"arise","mey"
"how","sukup"
"hardening","kolas"
"loaves","kiping"
"far","juua"
"died","tumang"
"commandments","sodi"
"oxen","sapi"
"take","tunuk"
"touch","toma"
"enter","kaang"
"these","sina"
"jericho","yerikho"
"among","si"
"nation","bangsa"
"down","ke"
"lamp","kadis"
"needs","plelu"
"envy","sinia"
"untying","nukas"
"loud","bogan"
"bring","toban"
"anxious","bigaduh"
"ten","simoong"
"s","laja"
"coins","kiping"
"aristarchus","aristarkhus"
"daily","konu"
"athens","atena"
"right","uh"
"increased","bitamah"
"pamphylia","pamfilia"
"amazed","ilan"
"centurion","sidadu"
"sun","boton"
"earth","dunia"
"waiting","ngati"
"beloved","ngibala"
"supposed","iyohleh"
"rose","mokat"
"apollos","apolos"
"seen","tanon"
"thank","bisukul"
"detachment","romawi"
"erastus","erastus"
"turned","bilubah"
"laid","yohmo"
"asleep","nguluk"
"evening","ngumi"
"grain","luang"
"tyre","tirus"
"cities","kota"
"pressed","todod"
"husbands","tunuak"
"wept","ien"
"garment","bojuh"
"oil","inyua"
"psalms","mazmur"
"mat","motas"
"satan","muot"
"holy","nguasa"
"calling","mogan"
"derbe","derbe"
"establish","togap"
"sleeping","bo"
"nicodemus","nikodemus"
"led","sidadu"
"firstborn","pinuan"
"pontius","pontius"
"troas","troas"
"received","siluga"
"loosen","tolin"
"free","sapu"
"minas","kiping"
"remembered","natong"
"most","tanon"
"deceived","nipu"
"comes","nog"
"left","boit"
"bed","guling"
"chief","pimipin"
"subject","lokat"
"alphaeus","romawi"
"yourself","mu"
"priest","agama"
"therefore","sobab"
"serve","bikutung"
"until","alua"
"jesse","salmon"
"except","sija"
"seventy","ju"
"shepherd","domba"
"follow","ijo"
"hope","luban"
"gentiles","basa"
"zacchaeus","zakheus"
"false","pibula"
"jailer","piayuh"
"send","pait"
"wrapped","kain"
"saying","daang"
"white","mopu"
"cried","dolas"
"achaia","akhaya"
"finger","tilinyu"
"bethany","betfage"
"himself","iyoh"
"pool","pagung"
"fifty","pulu"
"ears","kojit"
"before","alua"
"gate","gembala"
"came","yohmo"
"scribes","gulu"
"galileans","galilea"
"heir","kobon"
"begged","mitia"
"thorns","biloja"
"while","takal"
"tradition","adat"
"let","ja"
"concerning","nulis"
"told","yomo"
"widow","janda"
"corinth","korintus"
"coats","bojuh"
"returned","pali"
"beginning","mulai"
"purification","upacara"
"side","nyelang"
"perga","perga"
"pains","noman"
"counselor","pinulung"
"hair","buak"
"field","umoh"
"feast","daun"
"fever","modud"
"olives","zaitun"
"preparation","danih"
"judgment","motod"
"walking","mun"
"conscience","osuap"
"invited","ngija"
"soldier","komandan"
"beheaded","notok"
"passed","ponu"
"marriage","kawin"
"salutation","salam"
"filled","nguasa"
"from","buu"
"tertullus","tertulus"
"confess","ngaku"
"eight","moih"
"supper","biluman"
"by","ngan"
"rise","pali"
"would","nyam"
"birth","bitiia"
"manna","manna"
"seized","bikagong"
"buildings","sinung"
"face","jowin"
"straight","tongon"
"receives","tilima"
"hearts","ngiloti"
"beelzebul","beelzebul"
"bethsaida","betsaida"
"sighed","nalik"
"worshiped","nyomah"
"feeding","lapin"
"depart","buu"
"bonds","ngejel"
"flesh","gonan"
"appeared","sidudu"
"persecuting","saulus"
"bind","ijin"
"road","binia"
"coming","nog"
"fellow","samah"
"steal","noku"
"remain","totap"
"boldness","kaso"
"philippi","filipi"
"poured","soyang"
"skins","kulit"
"certain","ni"
"moon","bulan"
"interpreted","loti"
"younger","sibusu"
"seeking","kaso"
"other","ni"
"greek","yunani"
"synagogues","topat"
"rulers","piayuh"
"heavenly","siluga"
"price","loga"
"crete","kreta"
"help","tulung"
"prepare","nyidia"
"manager","sidagal"
"gadarenes","gerasa"
"cloths","kain"
"praetorium","gubelnul"
"cyrene","kirene"
"am","nyawot"
"stephen","stefanus"
"followed","bituna"
"collectors","pinagih"
"withered","kawa"
"thirsty","bodoh"
"sufferings","ngoon"
"snatch","ngilatak"
"others","bokon"
"build","kajuag"
"show","konik"
"boldly","akan"
"goods","balang"
"persecute","nyiksa"
"miletus","miletus"
"hour","jam"
"thanksgiving","bisukul"
"found","tapod"
"calf","tutu"
"up","ke"
"herodias","herodias"
"accused","nuduh"
"colt","keledai"
"little","tuui"
"matthias","matias"
"forgiven","dosamu"
"people","bangsa"
"glorified","pakat"
"back","gituang"
"sought","kaga"
"shone","nupap"
"garden","taman"
"tabitha","tabita"
"distance","mua"
"considered","bipasia"
"might","ngan"
"denied","ngaku"
"seaside","ngubun"
"prayer","buwon"
"rejects","osi"
"holding","bikagong"
"caught","gusuak"
"thirty","pulu"
"judged","ngukum"
"pigs","oyua"
"claudius","klaudius"
"humbles","pimuun"
"have","nang"
"languages","bilajal"
"judge","salah"
"labor","kiloja"
"whether","keh"
"mocked","towoh"
"cloud","abun"
"scorching","putiak"
"vision","biponyap"
"unless","ba"
"circumcision","bisunat"
"harvest","ngutuam"
"week","mingu"
"covenant","janyi"
"inn","kinaman"
"away","neh"
"bush","loja"
"easier","doo"
"sitting","sowo"
"roman","puluh"
"incense","kinamai"
"tombs","tota"
"vine","angul"
"marries","kawin"
"table","ngija"
"praising","mudi"
"fattened","tutu"
"done","jadi"
"rejoiced","pesta"
"wise","bijak"
"swords","podang"
"arose","mokat"
"treasure","punua"
"hours","takalodop"
"mute","bebe"
"authority","hak"
"last","pimuun"
"sinner","bitobat"
"crowd","sikiya"
"laying","posan"
"veil","tabial"
"towel","kupuang"
"gifts","persembahan"
"courtyard","limang"
"solomon","salomo"
"choose","pilih"
"enroll","daftal"
"thoughts","asual"
"condemn","neh"
"masters","toke"
"has","an"
"greater","ayuh"
"live","idip"
"tiberias","tiberias"
"denarii","pilak"
"compassion","masi"
"pots","bona"
"sprang","bikoduh"
"wrath","nyilamat"
"spirits","manah"
"sit","gulu"
"hates","ui"
"rebuked","ngalah"
"adultery","biamai"
"business","utung"
"rooted","aat"
"eats","man"
"sanctification","lawang"
"gain","utung"
"customs","adat"
"leave","dali"
"pull","lubang"
"fulfilled","jadi"
"patience","gaya"
"feared","tolu"
"ephesians","efesus"
"devil","muot"
"sown","labu"
"tore","notak"
"demon","muat"
"drank","moh"
"sadducees","saduki"
"raised","pakat"
"trough","binatang"
"silver","bibaya"
"justus","yustus"
"stand","taan"
"crying","lu"
"every","sua"
"donkey","keledai"
"agreed","bijanyi"
"upper","somu"
"loves","ngibala"
"boast","togap"
"murmured","bikutuk"
"bury","ngubul"
"lake","donu"
"healed","mokua"
"gold","mas"
"parables","kai"
"lydda","lida"
"summoned","nguluk"
"glory","telang"
"learn","pingajal"
"aaron","harun"
"ascending","ad"
"rebuke","tih"
"condemned","nguyat"
"prince","nguasa"
"belt","soot"
"fragrance","wangi"
"barn","basal"
"met","nyamut"
"sisters","sino"
"become","timogah"
"snare","jolat"
"lived","lo"
"argument","bikalah"
"wives","bala"
"multitudes","bitodod"
"minded","bijak"
"haran","haran"
"able","dapod"
"benjamin","benyamin"
"pitcher","bona"
"glorifying","mudi"
"harm","patut"
"jewish","simayangulang"
"legion","bako"
"guide","oi"
"devout","ulangyahudi"
"dogs","kosuang"
"greeks","yunani"
"jealousy","sinia"
"seasons","notu"
"drinking","nuak"
"her","elisabet"
"what","ki"
"desires","la"
"die","kobos"
"especially","amot"
"clothed","pimakai"
"repentance","olan"
"call","polih"
"covetousness","pinganguak"
"allow","piduli"
"within","sidagal"
"takes","mit"
"rest","bokon"
"why","sina"
"chains","late"
"unwashed","mamia"
"lycaonia","likaonia"
"fields","gandum"
"ascended","ad"
"rooster","siuak"
"noon","uun"
"which","wat"
"late","ngumi"
"tarsus","tarsus"
"glad","sonang"
"sensible","nijon"
"root","aat"
"waist","kupuang"
"early","suam"
"reprove","ngalah"
"onesiphorus","onesiforus"
"indeed","tok"
"salt","pidia"
"defiled","is"
"sandals","silipal"
"yet","pak"
"demetrius","demetrius"
"armor","bikokas"
"earnestly","jobong"
"lysias","lisias"
"joanna","yohana"
"forgiveness","dosa"
"never","sidoh"
"decay","asul"
"contention","bikalah"
"spread","nopas"
"jairus","yairus"
"jason","yason"
"mount","zaitun"
"so","nang"
"well","onam"
"write","sulat"
"became","gah"
"tychicus","tikhikus"
"taken","obuah"
"press","nyidia"
"wolves","gaus"
"grace","paguh"
"speaking","sina"
"eleven","simoong"
"knelt","bikunyug"
"going","kaki"
"division","abia"
"wouldn","tui"
"drunken","mabuk"
"paphos","pafos"
"astonished","punua"
"broke","pilia"
"praise","mudileh"
"happened","bu"
"prepared","nyidia"
"affliction","susah"
"eighteen","moih"
"wiles","ngakal"
"otherwise","okon"
"dishonest","ngulus"
"spoke","nang"
"golgotha","golgota"
"marvel","ilan"
"trees","dowon"
"gathered","bitodod"
"hypocrites","pula"
"daughter","yairus"
"twenty","pulu"
"hypocrisy","pula"
"desire","la"
"strong","beelzebul"
"amen","amin"
"time","nog"
"descended","muun"
"strap","tolin"
"through","oto"
"latin","tulis"
"questioning","kilakal"
"ordained","ukum"
"think","bipikil"
"beware","ati"
"forbidding","bangsa"
"afflictions","pingidip"
"storm","gusuak"
"beroea","berea"
"deaf","bongam"
"kings","laja"
"departed","togan"
"consenting","situju"
"saints","umat"
"changed","bilubah"
"exalted","pakat"
"anchors","kapal"
"full","binelang"
"leper","bijakit"
"appointed","notap"
"hill","gilongung"
"morning","suam"
"flees","bikoduh"
"lacking","tulung"
"under","ede"
"julius","yulius"
"bound","mokos"
"open","bih"
"bear","sidia"
"drinks","dagin"
"appropriate","ngibalik"
"colossians","kolose"
"luke","lukas"
"dies","kobos"
"glorify","mudi"
"believes","sija"
"journey","nosa"
"hardship","naan"
"anew","ba"
"requests","tibilang"
"pierced","ngamuk"
"forbid","jaman"
"exalts","pakat"
"cot","amuak"
"dwell","sipunua"
"pattern","samahduoh"
"galilean","galilea"
"deny","kila"
"accomplish","yohleh"
"nine","pli"
"phoenicia","fenisia"
"foundation","paduhal"
"wages","pah"
"seal","ngaku"
"officers","jaga"
"bethlehem","betlehem"
"perfect","tu"
"drew","uni"
"multiplied","makin"
"net","jaling"
"stay","ngilumon"
"nothing","ukum"
"rabbi","gulu"
"purity","bisig"
"diligently","likas"
"mountains","pungu"
"heavens","siluga"
"sweet","persembahan"
"great","bogo"
"baptism","pembaptis"
"shortly","likas"
"stars","bitang"
"angry","malah"
"torment","bigalong"
"builders","batuh"
"shun","mina"
"carried","tawiak"
"mina","mas"
"sparrows","biloga"
"mud","lunyak"
"words","ade"
"living","idip"
"virgin","gabriel"
"watch","silalu"
"persecuted","pijola"
"true","sibonal"
"listen","ngojitdio"
"direct","buka"
"fishermen","bingon"
"custom","notu"
"behold","sobab"
"longer","tiya"
"letters","sulat"
"share","duman"
"shaken","bial"
"month","gabriel"
"remains","totap"
"sixty","nuam"
"kiss","salam"
"advanced","nyoma"
"finish","pijadi"
"kissed","ian"
"already","pang"
"crown","bilagah"
"myself","ku"
"wiped","ngisu"
"purified","kibisig"
"commanded","yahudide"
"clubs","pakung"
"custody","takap"
"began","lanyut"
"breastplate","bosi"
"grew","binia"
"principal","timogah"
"sight","mey"
"wild","gaus"
"short","osuap"
"ours","nyewa"
"rolled","molut"
"natives","pulou"
"titus","titus"
"turning","kos"
"naked","dali"
"anger","tiwas"
"doctrines","nyuang"
"amazement","ilan"
"insane","bako"
"chariot","gilobak"
"galatia","frigia"
"examined","pilisa"
"talking","kilakal"
"looking","ninga"
"disputes","bika"
"ages","kano"
"foams","bijulak"
"resurrection","idip"
"older","nyoma"
"same","watinoh"
"did","yeh"
"apostle","rasul"
"generations","joman"
"changers","nukal"
"barsabbas","barsabas"
"example","tilodan"
"crumbs","mija"
"humility","samuh"
"slanderers","suka"
"laodicea","laodikia"
"joses","yoses"
"exceedingly","bitamah"
"italy","italia"
"defile","is"
"immorality","ngaso"
"brass","tibaga"
"compare","oniwat"
"animals","pasia"
"siloam","siloam"
"second","duwoh"
"sorcerer","dukun"
"lit","lapu"
"laugh","towoh"
"thought","sibonal"
"baptizes","baptis"
"household","lawang"
"couldn","ponai"
"lovers","towoh"
"greetings","kristen"
"army","mudi"
"olivet","pungu"
"ruin","asul"
"walk","halus"
"served","pinguman"
"lord","daang"
"wall","sinung"
"crime","mosut"
"basis","salah"
"forbade","kasig"
"clean","boton"
"scourge","pijola"
"even","tuang"
"branches","dowon"
"righteousness","taat"
"knowing","pu"
"known","tentang"
"partners","dingan"
"yours","kaku"
"gaius","gayus"
"summoning","mogan"
"understanding","ngiloti"
"forgive","ngapun"
"merciful","masi"
"cargo","bilabuh"
"serves","mesti"
"phrygia","frigia"
"belongs","opot"
"force","paksa"
"greatest","bikalah"
"palace","istana"
"nobleman","pulow"
"overboard","laut"
"lose","sitelus"
"greeted","kristen"
"noah","nuh"
"liar","pibula"
"quenched","neraka"
"arms","pakua"
"gennesaret","todod"
"witnesses","kidip"
"sound","klingah"
"curse","bisupah"
"relatives","dingan"
"shechem","sikhem"
"plunder","pasung"
"descending","muun"
"songs","ngilagu"
"spit","nguja"
"coin","loga"
"foot","po"
"pregnant","bitiia"
"hymns","ngilagu"
"babies","nogleh"
"were","pinuna"
"cretans","kreta"
"singleness","taat"
"shadow","sibamia"
"sad","susah"
"doctrine","to"
"passion","niat"
"feed","jaga"
"knew","pu"
"alienated","mokos"
"passing","ponu"
"centurions","kalang"
"tabernacle","galang"
"convulsed","gulai"
"crowed","babang"
"pledge","janyi"
"floor","napan"
"infirmities","onam"
"goddess","dewi"
"sailing","motas"
"reveal","nelang"
"flow","paman"
"leprosy","bijakit"
"ordered","isin"
"purify","kibisig"
"spat","nguja"
"comfort","ngilibul"
"rebellion","malas"
"redemption","nubuas"
"ear","sopial"
"fill","kanua"
"partakers","bidingan"
"hellenists","yunani"
"allowed","tanah"
"eighth","moih"
"footstool","monang"
"tear","totak"
"built","kajuag"
"beach","suam"
"cleansed","onam"
"basket","bona"
"gallio","galio"
"perseverance","tibilang"
"dig","nyakul"
"clothes","bunga"
"looked","ninga"
"stairs","pos"
"repented","bitobat"
"publius","publius"
"knees","bikunyug"
"lightning","kijat"
"wrote","nulis"
"baskets","bakul"
"learning","bilajal"
"wrong","salah"
"testify","tanon"
"accuse","salah"
"<num>","<NUM>"
"busybodies","sapul"
"likeness","mesti"
"still","alua"
"elements","gamut"
"holiness","nyonang"
"knocking","gotuag"
"clouds","abun"
"unworthy","madas"
"yeast","tau"
"pleasing","nyonang"
"petitions","singalom"
"strips","lubang"
"wineskins","ngisi"
"convenient","tih"
"sister","madih"
"destroyed","katuab"
"means","loti"
"then","mey"
"canaan","kanaan"
"blaspheme","at"
"though","telus"
"drawing","kilo"
"farmers","sewa"
"questionings","mina"
"seeing","ninga"
"testifying","enog"
"gates","tiban"
"cilicia","kilikia"
"groups","bikuluk"
"distributed","bikutung"
"hymenaeus","himeneus"
"betrayed","ngukum"
"strengthened","dolas"
"enemies","bitomi"
"endurance","ngadap"
"image","pinuan"
"wheat","puluah"
"thousands","bilibu"
"yesterday","sumia"
"added","kibalot"
"paralyzed","os"
"beat","mosut"
"isn","keh"
"worshipers","mipin"
"liken","baning"
"appealed","festus"
"levite","simangat"
"unbelief","lika"
"flogged","sidadu"
"store","halta"
"around","kanih"
"indignant","malah"
"hung","gaya"
"destruction","mutuab"
"decision","naan"
"own","bangsa"
"troubled","sikiya"
"artemis","dewi"
"giving","loga"
"should","jaman"
"urged","ngija"
"inner","bilit"
"whatever","adil"
"possessed","tung"
"prayers","bidoa"
"eating","jolua"
"unthankful","watnoh"
"hometown","naileh"
"tightly","pilitah"
"womb","limokah"
"sponge","masuam"
"grows","makin"
"credit","patut"
"epaphroditus","epafroditus"
"presence","sulung"
"taking","lazarus"
"planted","sewa"
"shame","punua"
"lay","sangup"
"bones","tulang"
"imitators","tilodan"
"abound","obua"
"spices","nginyua"
"idle","malas"
"gladly","sonang"
"none","doi"
"themselves","tipan"
"cherishes","piala"
"corner","bilani"
"repent","olan"
"needy","doa"
"service","kiloja"
"determined","bipokat"
"strengthening","simangat"
"waited","silas"
"shines","tie"
"flower","suwat"
"opens","pinuan"
"lays","sangup"
"rushed","nyelang"
"forgiving","ngapun"
"stooped","nyigua"
"destroy","pilubuh"
"abundance","halta"
"serpents","dipoh"
"lying","guling"
"decrees","silas"
"gladness","otinku"
"gehenna","neraka"
"showed","bitanga"
"minds","dewa"
"cannot","tuui"
"fastened","ngiduang"
"kept","nginyua"
"pass","ad"
"eloi","eloi"
"an","ponu"
"bold","bitamah"
"possible","tado"
"hostility","bangsa"
"bridegroom","pinganten"
"whenever","gembala"
"bodies","polong"
"wars","kiamat"
"arrested","bilituang"
"finally","madih"
"warming","ngunuh"
"bondage","bikuli"
"removed","pimuun"
"voice","dolas"
"reason","sobot"
"testifies","tentang"
"gods","dewa"
"command","lubang"
"fasted","puasa"
"dangerous","lanyut"
"envoy","musoh"
"throne","pakat"
"paralytic","gonan"
"child","opot"
"fold","nyikoh"
"mistreated","paksa"
"tanner","bilulang"
"lawless","ginaka"
"thirst","soyuak"
"debtors","bilutang"
"truly","bonal"
"continually","awah"
"anyone","nuna"
"beggar","lazarus"
"provide","kuda"
"lepers","palah"
"confusion","daluag"
"repay","kaso"
"length","bitogan"
"wickedness","at"
"barren","manang"
"ropes","bokos"
"partiality","kaya"
"seed","binia"
"regiment","pasukan"
"figures","tawiak"
"neck","tungua"
"wherever","lopot"
"self","pimodo"
"figs","ara"
"openly","tuak"
"consent","kuab"
"intending","bah"
"righteous","salah"
"fears","taat"
"consented","situju"
"silvanus","taluh"
"above","penting"
"want","dolia"
"are","neh"
"voices","nyuang"
"riches","sukup"
"collect","makung"
"camel","unta"
"their","yoh"
"green","koyuh"
"burned","souh"
"greedy","pinganguak"
"weighed","dou"
"mistreat","nyupah"
"prisons","biyon"
"messenger","yesaya"
"fathoms","nojok"
"obedient","taat"
"scoffed","bako"
"obtain","milih"
"lend","gati"
"keep","ngajal"
"blameless","nyalah"
"philippians","filipi"
"title","nopia"
"honorable","suka"
"lame","bojang"
"circumcise","adat"
"draw","uak"
"memorial","natong"
"ruler","pija"
"blasphemed","adoh"
"answer","ngadel"
"preaching","paguh"
"top","dou"
"gathers","asil"
"disbelieved","magdalena"
"almost","tuong"
"housetop","yope"
"nobody","mokos"
"disciple","ti"
"plainly","suang"
"rented","kobon"
"empty","boloh"
"unfruitful","bibua"
"temptation","masam"
"risen","kedoh"
"theophilus","sibungas"
"privately","sadi"
"affirm","nak"
"unleavened","paskah"
"distress","nogap"
"lawful","on"
"choked","ngapit"
"forever","sitelus"
"handed","nyelah"
"cry","bogan"
"hearing","ngojit"
"seat","topas"
"those","takal"
"shepherds","gembala"
"weren","nalik"
"rejoicing","doon"
"travail","nyusah"
"aren","idoh"
"stripped","pidasa"
"acquaintances","baya"
"beg","isin"
"management","pilo"
"been","dali"
"blasphemers","suka"
"ring","sisin"
"avenge","kedoh"
"alive","bitamah"
"thoroughly","siap"
"habitation","tanah"
"safe","jaga"
"threw","nopas"
"cups","tibaga"
"measure","kiang"
"mustard","sabih"
"got","nuju"
"thrones","tonga"
"lodge","ngilumon"
"sees","ninga"
"dust","debu"
"opposed","netang"
"astray","mogo"
"fair","nijon"
"widely","kanih"
"however","pak"
"reaps","ngutuam"
"trust","ngulus"
"struck","nyopa"
"made","nai"
"speak","luban"
"mysia","misia"
"steep","bitabum"
"each","map"
"blasphemous","stefanus"
"overthrow","kaso"
"look","sodi"
"sow","ngutuam"
"darkened","bulan"
"uttermost","tubon"
"bother","nyusah"
"greeting","kimilit"
"furnished","moti"
"difficult","lolah"
"seated","inohleh"
"denarius","duit"
"confidently","nokan"
"piece","yudas"
"reward","pah"
"murmuring","kayas"
"entering","tikuluk"
"winds","siprus"
"onto","bung"
"perverse","onakmu"
"murder","liuak"
"test","nguji"
"lots","ngundi"
"street","tolin"
"neither","tuang"
"few","tih"
"begging","pang"
"samuel","samuel"
"treasury","kutak"
"terrified","gogoh"
"drachma","pilak"
"breaking","tikuluk"
"disobedient","etakal"
"worked","punua"
"horsemen","sidadude"
"dark","nutu"
"assembled","mingu"
"trophimus","efesus"
"baby","kimilit"
"deserted","nosa"
"youth","isit"
"humble","hina"
"prophesied","bituta"
"circumcised","bisunat"
"matter","masalah"
"foods","kan"
"beautiful","balang"
"knows","pu"
"magnified","klingah"
"reject","nulak"
"dressed","soot"
"divided","bika"
"mothers","nyoma"
"needed","pimonu"
"accompanied","ede"
"divorce","biposan"
"rabboni","boton"
"cup","gelas"
"jar","maal"
"highly","pimodo"
"attack","akan"
"stumbles","atulan"
"small","netang"
"calm","sobak"
"aground","kalang"
"defense","bela"
"mistaken","nyomah"
"preached","mulai"
"shed","nyokad"
"possession","ongan"
"admonish","mipin"
"perhaps","kajon"
"mean","bolot"
"devour","baat"
"endure","jola"
"kills","layan"
"washing","ulih"
"seats","topat"
"sacrifice","nyomah"
"abstain","juua"
"front","nogleh"
"coals","tuluah"
"marry","kawin"
"agitating","lawan"
"whom","idip"
"breast","bih"
"aboard","asos"
"trials","kanam"
"likewise","geh"
"inquired","bongoh"
"human","penting"
"armed","asual"
"guards","jaga"
"lack","kulang"
"impossible","nyilamat"
"chatter","tolan"
"forgave","bayal"
"provoke","kanam"
"dear","nak"
"carrying","sibaya"
"gives","kidip"
"cause","leh"
"best","suka"
"defend","jana"
"testing","madas"
"according","pakai"
"course","patara"
"hoped","bialap"
"tetrarch","daerah"
"says","ngaku"
"fearing","kimotol"
"members","bigian"
"gentleness","pingunai"
"pentecost","pentakosta"
"offerings","binatang"
"fight","bijuang"
"race","etudu"
"arrest","takap"
"once","tikuluk"
"position","ta"
"fulfill","layan"
"worm","olod"
"raise","pakat"
"richly","sipunua"
"creature","polih"
"cleanse","napan"
"oppression","susah"
"farmer","anggul"
"hard","baat"
"dwells","sipunua"
"purposed","pijadi"
"deliver","kaga"
"spiritual","mudileh"
"didn","dolia"
"jewess","tobanpaulus"
"throw","tulak"
"spot","supiah"
"lust","niat"
"dove","merpati"
"believing","toke"
"spent","o"
"reclining","lewi"
"personally","adoh"
"reported","rasulduoh"
"sailors","pula"
"subjection","tunuak"
"feeds","dagin"
"companions","kano"
"sinful","taat"
"affection","lazarus"
"lest","sape"
"at","ngan"
"ordinances","plitah"
"chastise","mosut"
"afar","bikoduh"
"matters","danih"
"board","pinah"
"obvious","tonga"
"something","opot"
"lamented","as"
"perceive","pu"
"vinegar","masuam"
"robbers","ngakal"
"run","nyangag"
"prominent","bala"
"slaughter","nalu"
"torn","totak"
"citizenship","kano"
"preach","gah"
"afterward","limang"
"meanwhile","alap"
"barley","gandum"
"doubts","tolu"
"longed","sikiya"
"zealous","lajin"
"confident","uun"
"royal","notu"
"exercise","militah"
"increase","tulungleh"
"conceited","suka"
"pieces","nguluk"
"whomever","osi"
"sons","dali"
"questioned","ede"
"valid","da"
"stumbling","singaji"
"entrust","piluh"
"testimony","sibonal"
"ways","kangan"
"much","sikiya"
"grant","bijanyi"
"condemnation","baat"
"messiah","mesias"
"untie","doh"
"looks","mun"
"hades","neraka"
"casts","beelzebul"
"sinai","sinai"
"pisidia","lanyut"
"distressed","bikayuh"
"stern","tilam"
"pretense","ijo"
"selves","mogo"
"dying","pinuan"
"conferred","hak"
"traveled","nuju"
"dared","kimotol"
"kindled","bidudu"
"desolate","daluag"
"steward","iyohleh"
"slander","tiwas"
"error","moyap"
"unreasonable","pingaso"
"crow","bitadu"
"sorrow","ngilobu"
"mighty","bibaya"
"highest","mudileh"
"sink","kuom"
"make","magah"
"yoke","atulan"
"nets","jaling"
"reading","gilobak"
"learned","bait"
"powers","auu"
"faint","jak"
"opportunity","napo"
"proconsul","dukun"
"find","podo"
"produces","lopas"
"profess","ngaku"
"accusers","nuduh"
"drunk","mabuk"
"willing","danih"
"diligent","kaga"
"silent","takalpaulus"
"strangers","saluh"
"desert","manah"
"contrary","lawan"
"note","pilati"
"disputing","bika"
"ends","bumi"
"leading","muot"
"careful","sape"
"myrrh","mur"
"dazzling","bilubah"
"oppress","annya"
"account","tulung"
"becoming","bitamah"
"urgent","makin"
"nourished","sangon"
"reconcile","nguluk"
"practiced","kulit"
"greatly","ulih"
"happen","notu"
"sheet","amal"
"pleasures","bia"
"dispersion","pulou"
"big","tuui"
"between","bilituang"
"does","manah"
"tribes","buwon"
"houses","lomin"
"sycamore","odopmu"
"behind","dug"
"leaning","kos"
"haven","nak"
"legs","mugat"
"troubles","susah"
"shoes","kasut"
"daylight","ngati"
"favor","bilang"
"wonders","kuasa"
"jonah","niniwe"
"convulsing","gusuak"
"unbelieving","muti"
"exceeding","sukup"
"observed","iso"
"bless","pingidip"
"sacrificed","paskah"
"order","tiatul"
"drag","hakim"
"egyptian","sodi"
"physician","doktol"
"faithful","da"
"mock","nguyat"
"shouted","bogan"
"wish","ngilobu"
"gathering","nguluk"
"lifted","dolas"
"hunger","miliap"
"foreordained","sibungas"
"tomorrow","nyamung"
"beneath","somu"
"shows","sukan"
"safely","papan"
"working","kiloja"
"form","okon"
"could","ponai"
"instruction","bisig"
"partial","bayal"
"infirmity","moih"
"compelled","lopot"
"prisoner","naan"
"return","pasti"
"taxes","bayal"
"thinks","bialap"
"beam","koyuh"
"sake","atou"
"continue","duohbarnabas"
"ha","nazaret"
"grieve","otin"
"intent","yohleh"
"various","tibo"
"sores","pinona"
"friend","yeh"
"enrollment","ituang"
"remission","ngapun"
"obey","taat"
"lamb","bulun"
"breasts","masi"
"desiring","nuduh"
"surrounding","daerah"
"peoples","sidia"
"reasoning","pikil"
"awoke","gilumang"
"sinned","roma"
"bearing","siodop"
"frightened","tolu"
"secret","suwan"
"counsel","dolia"
"bosom","sidagal"
"witness","tanon"
"pharaoh","mesir"
"period","mosah"
"hidden","suan"
"assuredly","sulga"
"male","dali"
"catch","ikian"
"mocking","nyinel"
"prevailed","nyuang"
"surface","notu"
"sanctified","ajal"
"south","goyuang"
"tongue","mudi"
"relative","madihmu"
"ox","julah"
"finds","siap"
"explained","buk"
"maintain","biguna"
"accurately","palingayuh"
"hoping","alap"
"overseers","sulat"
"ninth","ngumi"
"stands","utusan"
"herodians","nua"
"judges","beelzebul"
"season","notap"
"firm","telus"
"proceed","kakat"
"crops","hasil"
"whose","adon"
"progress","togap"
"completed","kai"
"telling","dusah"
"arisen","bilajal"
"special","tubon"
"inscription","gamal"
"lands","jadingubelnul"
"person","pilitah"
"conceived","mogo"
"surely","masim"
"bill","bona"
"closed","kuab"
"company","agama"
"released","barabas"
"shall","patut"
"heed","tugas"
"watchful","silaluleh"
"desolation","kapung"
"falling","pilabu"
"breath","asong"
"principalities","gamut"
"parted","pasak"
"fables","donan"
"speech","silita"
"reign","laja"
"worthless","biguna"
"heat","bongoh"
"beaten","pijola"
"signifying","ki"
"strictly","isin"
"public","kibalot"
"ambition","sapul"
"discussion","biloneng"
"psalm","ayat"
"gentle","bika"
"container","balang"
"waves","tado"
"exhort","tok"
"guests","ngulia"
"marketplaces","saji"
"zeal","nyayang"
"hardness","sibaya"
"soul","susah"
"teaches","situju"
"examining","lisias"
"lives","monam"
"approved","kanuas"
"wolf","kosuang"
"offense","bisig"
"overseer","mipin"
"cold","bilasa"
"happening","ti"
"afterwards","tui"
"seems","onide"
"bitterness","bisingak"
"set","pinguman"
"respects","bala"
"building","layan"
"violence","tawiak"
"scattered","takalnya"
"search","bilajal"
"recover","onam"
"although","sibonal"
"earthquakes","tiguyang"
"uproar","daluag"
"childless","plitah"
"someone","tui"
"shut","pingunai"
"nevertheless","penting"
"decapolis","simoong"
"hearer","kulang"
"bringing","oniwat"
"throughout","negeli"
"unruly","bilawan"
"advantage","hal"
"fruits","penting"
"growing","popah"
"groaning","ngilobu"
"neighbors","baya"
"faithless","bial"
"cheer","tolu"
"justified","tlima"
"intently","sulga"
"common","kaku"
"crazy","gila"
"often","lawan"
"blows","yup"
"encouragement","sulat"
"loaded","nipu"
"enrolled","daftal"
"loses","sitelus"
"neighbor","manusia"
"voyage","inohgeh"
"enjoy","mipin"
"lawyers","lolah"
"hurt","kanam"
"vow","bijanyi"
"righteously","nijon"
"purse","lopet"
"epaphras","epafras"
"arrived","antiokhia"
"elder","lagu"
"teeth","stefanus"
"yourselves","ti"
"nails","dian"
"excellent","da"
"cut","tiboon"
"number","bitamah"
"respect","nulut"
"just","nye"
"injury","bahaya"
"captain","buah"
"glorious","pipiat"
"very","gah"
"conduct","kai"
"care","bina"
"meet","bitapod"
"loss","lugi"
"homes","ngilumon"
"stepped","bilaya"
"perished","timul"
"famine","kolag"
"overcome","mula"
"courts","pingadel"
"act","nisog"
"join","ede"
"seeks","kalik"
"longing","bitapod"
"sirs","silas"
"accord","samah"
"practice","bonalnuna"
"conflict","susah"
"declaring","naan"
"announce","ponu"
"further","singaji"
"walks","simikiak"
"stooping","nyigua"
"sowed","binia"
"realized","bilokat"
"running","nyingak"
"cheered","simangat"
"happens","tok"
"control","sowon"
"lies","pibula"
"genealogies","usul"
"crossed","motas"
"ministry","tukang"
"forgets","ukum"
"celebrate","bisukul"
"preferred","bilasa"
"complaint","puas"
"strike","koming"
"maid","bah"
"abundantly","hasil"
"warned","isin"
"drove","galio"
"adjure","dukun"
"using","suang"
"aside","kagian"
"treated","bigaduh"
"aliens","nupang"
"labored","libut"
"observe","ulih"
"malice","at"
"scatters","lawan"
"its","lubuh"
"shown","ki"
"listened","timogah"
"age","joman"
"shouldn","alap"
"shared","tulung"
"heal","monam"
"whole","susua"
"robber","pilapok"
"summon","eodop"
"drowned","longod"
"mentioned","podo"
"behave","malas"
"enters","aluang"
"leads","pingajal"
"over","nguasa"
"favored","bisamah"
"lydia","lidia"
"sealed","situju"
"plagues","saluh"
"dwelling","susua"
"mine","kaku"
"soundness","musuh"
"robe","gogoh"
"sending","pasia"
"burst","uab"
"box","saai"
"suffered","sape"
"woke","nupap"
"breathed","asong"
"sorrowful","susah"
"exacting","puluah"
"sect","nazaret"
"withdrew","biasa"
"disease","tok"
"mourned","susah"
"blessing","mudi"
"ahead","dio"
"heavy","guyang"
"instead","kibangoh"
"swim","bilonang"
"rule","mipin"
"better","utung"
"rocky","bibatuh"
"reverence","pimodo"
"tower","bigatung"
"authorities","ngadel"
"being","iyoh"
"upon","nyayang"
"having","oda"
"knowledge","piluh"
"diseases","bingon"
"thrown","pa"
"proving","bukti"
"asks","keledai"
"ceasing","ngubah"
"rising","nyikon"
"blamelessly","silalu"
"ignorant","biasa"
"sober","telang"
"theater","asia"
"inquire","pula"
"quietness","pingunai"
"unrighteousness","pibula"
"guest","ka"
"humbled","pimuun"
"least","isit"
"exhorted","sibaya"
"callous","madod"
"physicians","susua"
"cover","patuab"
"tested","nguji"
"apart","ngilate"
"weak","taan"
"family","lawang"
"deep","lubang"
"hanging","nyalib"
"declare","tilima"
"stripes","ulih"
"slow","bipikil"
"wasn","pingobos"
"finished","anggul"
"informed","eya"
"asking","mitia"
"anoint","salome"
"attendant","pimonu"
"distribute","suka"
"stock","sukun"
"possessions","masim"
"daughters","bituta"
"case","pilisa"
"convict","bitanga"
"mystery","tuluap"
"earthly","bilagah"
"hid","kiang"
"perish","kiluang"
"wrongfully","ngegap"
"exactly","odopmu"
"insulted","nguyat"
"calls","tuan"
"hears","pingunangku"
"returns","madihmu"
"miracles","pakai"
"reverent","nyalah"
"godliness","agama"
"occasion","ngatul"
"withdrawn","mua"
"moreover","otinku"
"listening","simadi"
"showing","titus"
"setting","masam"
"home","lo"
"sanctify","jok"
"threats","ngegap"
"supply","nyayang"
"recognize","piluh"
"hail","nguyat"
"bore","bilokatleh"
"trespasses","lawan"
"cornerstone","batuh"
"kind","bisig"
"ceased","tanah"
"temples","dewa"
"used","nangodop"
"healing","kati"
"grown","ituang"
"enough","munuas"
"fourteenth","pilai"
"either","dingan"
"reproved","sai"
"anointed","kanih"
"agree","masim"
"commit","lawan"
"yes","sibonal"
"tents","galang"
"transgressions","ngapun"
"salutes","modud"
"answering","nyawot"
"off","nyopa"
"entrusted","janyi"
"wholly","simakin"
"fellowship","ngibalik"
"get","mokat"
"prisoners","ngibonal"
"beyond","negeli"
"criminals","bisamah"
"nor","ma"
"blasphemies","nguyat"
"trance","nguasa"
"itself","guna"
"confidence","tiap"
"sexually","nyonal"
"pour","kiamat"
"pondering","pikil"
"despised","nulak"
"delay","masa"
"gamaliel","gamaliel"
"souls","pilasang"
"fastening","ngiduang"
"everywhere","da"
"shamefully","nyupah"
"taste","agamayahudi"
"comforted","sonang"
"lead","bilituang"
"accomplished","pingoma"
"proof","bukti"
"doubting","bala"
"persecution","tuui"
"commended","jaga"
"bondservant","ulun"
"area","popah"
"properly","pimodo"
"workers","muda"
"areopagus","udung"
"leaped","mokatleh"
"charging","hal"
"evident","tonga"
"quench","mula"
"trouble","yairus"
"separated","topatsimayang"
"guilty","atulan"
"punishing","sidudu"
"marveling","obua"
"eye","li"
"ought","halus"
"pleasure","puas"
"meant","neh"
"bowed","nyuduk"
"reasoned","bijuut"
"salome","yoses"
"trying","nyokad"
"tempt","musa"
"enslaved","mabuk"
"toward","bisaya"
"question","suba"
"belong","telang"
"cloaks","paan"
"dishonor","makup"
"iron","lolong"
"broken","kuban"
"covetous","pimalah"
"vessel","tukang"
"rebuking","inganleh"
"cured","nusud"
"contended","kagong"
"reach","dian"
"promised","bilokat"
"change","ngubah"
"equal","nyamah"
"deception","ragi"
"stream","uba"
"visit","jaman"
"expectation","kajon"
"advised","sibaya"
"access","bait"
"testified","tentang"
"tells","guna"
"gift","pasti"
"speck","lonas"
"stir","bigaduh"
"sexual","noku"
"keeping","nyakul"
"smelling","puat"
"goodness","jujul"
"despise","sibaya"
"gone","luah"
"watching","ngine"
"blasphemy","nguyat"
"crooked","silamat"
"produce","nyonang"
"room","topat"
"stomach","jaman"
"performed","ilan"
"alexandria","bilabuh"
"content","puas"
"placed","nyok"
"honest","nyikon"
"towards","nyayang"
"stadia","emaus"
"seemed","koyuh"
"later","nyuang"
"hearted","ngutus"
"fullness","sukup"
"names","ngatul"
"clothe","gati"
"sayings","nyikon"
"rejected","asal"
"laborers","podi"
"granted","eya"
"recognized","piluh"
"fed","oyua"
"humiliation","gati"
"opposes","netang"
"profit","pingoma"
"insulting","nguyat"
"nature","polong"
"patient","kila"
"won","tungang"
"unrighteous","pinganguak"
"supposing","pingoma"
"state","bigaduh"
"betrays","musoh"
"wanted","bilasa"
"rules","biloma"
"lowliness","taan"
"escape","suan"
"persecutions","susah"
"commands","gilumang"
"forward","bipokat"
"stirred","ngaluh"
"message","piduli"
"breakfast","got"
"craftiness","pikil"
"lady","herodias"
"value","kanuas"
"stranger","domba"
"assurance","watki"
"evangelist","nijon"
"disputed","ebikalah"
"worse","bona"
"corrupt","lusak"
"cares","mabuk"
"excused","ap"
"thus","ede"
"jupiter","biladon"
"riot","ngibonal"
"unholy","polih"
"safety","itia"
"appoint","ngukum"
"drawn","tipa"
"bad","tlima"
"assemblies","tibilang"
"agony","lopas"
"since","iso"
"serving","taan"
"preacher","tukang"
"wounded","pakung"
"belly","ngisi"
"withdraw","lehngan"
"stretch","muot"
"imitate","tilodan"
"thing","hal"
"traveling","ngatul"
"carry","toban"
"ago","ngubah"
"disobedience","ngilangal"
"declared","kaban"
"iniquity","at"
"nurse","balut"
"quiet","dolas"
"joined","areopagus"
"interpret","keajaiban"
"lifting","siuah"
"end","mutuab"
"purifying","polih"
"spoken","tanon"
"counted","angap"
"walked","mila"
"exhortation","topatsimayang"
"contradict","musoh"
"doesn","kilin"
"master","nye"
"knocks","netek"
"shake","nguguah"
"wonder","oi"
"hardened","ngolas"
"begin","mokatleh"
"appeal","hak"
"please","bu"
"platter","talam"
"freed","pilisa"
"flock","kidip"
"secretly","bikayas"
"necessary","nyukup"
"fit","titus"
"fine","ali"
"silence","pakaiodop"
"hardly","nyuang"
"justify","liga"
"relief","mapu"
"prophesy","bituta"
"watched","ngite"
"consider","timotius"
"difficulty","pa"
"returning","nyamut"
"everyone","obuah"
"strange","nohleh"
"lodges","yope"
"lusts","madas"
"abroad","simadi"
"height","bigaduh"
"cleansing","asal"
"report","klingah"
"dinner","ukum"
"remained","da"
"shining","nyokuab"
"past","ngaso"
"revelation","bitanga"
"withstand","polang"
"ones","pilih"
"reproach","pingidip"
"fall","masam"
"burning","silaluleh"
"proceeds","is"
"acceptable","ki"
"perplexed","si"
"created","uh"
"flee","la"
"transgressors","moh"
"region","gerasa"
"answers","pinyikian"
"different","bigati"
"directed","tiatul"
"shortened","sagot"
"heirs","tilima"
"without","pingunai"
"bond","totap"
"refuse","suwa"
"lodging","ngilumon"
"surpasses","pikil"
"presented","baya"
"memory","naileh"
"endures","naan"
"hasn","adil"
"moved","manas"
"redeem","bangsa"
"expecting","ba"
"conspired","biloneng"
"consolation","ki"
"prove","tapodtanon"
"rock","bibatuh"
"increasing","tamah"
"appearing","ulih"
"renewed","ba"
"offer","bukti"
"owe","tokeku"
"married","ba"
"attention","ulah"
"speaks","osi"
"miracle","nyakal"
"kinds","timul"
"besides","masa"
"inherit","sitelus"
"wicked","odopmu"
"fitted","bijamit"
"former","magah"
"aware","inohyoh"
"proceeded","simakin"
"avoid","pisah"
"goes","danih"
"tried","jobong"
"religion","patu"
"acceptance","da"
"soundings","nojok"
"abolished","ngasul"
"insisted","ngasut"
"soon","tuwi"
"convicted","nga"
"circumstances","munuas"
"ignorance","dewa"
"temperate","da"
"dash","ngasul"
"uncircumcised","stefanus"
"attain","alap"
"beckoning","kakat"
"grabbed","nyonguam"
"anything","ngadu"
"wondered","einoh"
"emperor","romade"
"boy","pingoma"
"burn","podi"
"remembering","sumia"
"ransom","bidosa"
"try","lata"
"grow","ngibalik"
"fringe","kadu"
"finding","podo"
"beckoned","bidaluag"
"filthiness","pidou"
"casting","kodak"
"stretched","ulah"
"o","inganleh"
"beating","mupu"
"overtake","nyokuab"
"during","boot"
"den","bisukan"
"burdens","binasa"
"separate","biposan"
"talked","ponu"
"freedom","lopas"
"clearly","telang"
"twice","babang"
"lacked","poya"
"responded","ngiduang"
"encouraged","akhaya"
"hadn","sumia"
"seasoned","pilasi"
"part","nyok"